col_1,col_2,col_3,col_4,col_5,col_6,col_7,col_8,label
-0.6390913497,2,-0.03769604744,-0.1278125,-0.1681943071,-0.04533950617,-0.003143656716,-0.01573049363,0
0.01037085165,3,-0.06805241318,-0.1278125,-0.1681943071,-0.03299382716,-0.004076492537,-0.01453062699,0
0.1278993092,2,0.04785176402,-0.1278125,-0.1681943071,0.004043209877,-0.01060634328,0.03913876368,1
-0.05916549153,3,0.02035764516,-0.1278125,-0.1681943071,-0.04533950617,-0.003143656716,-0.00597604188,0
0.00923676559,3,0.2927557026,-0.1278125,0.4068436936,0.004043209877,0.004319029851,-0.2157094913,0
-0.3803886143,2,-0.006053645104,-0.1278125,-0.1681943071,-0.04533950617,-0.003143656716,0.001569629313,0
-0.02640534327,2,-0.01588521253,-0.1278125,-0.1681943071,-0.04533950617,-0.003143656716,0.01241360496,0
-0.04681955772,3,0.1744591146,-0.1278125,0.6373519674,0.2633024691,0.1134608209,-0.07957937618,0
0.128428618,2,0.01514035155,-0.1278125,-0.1681943071,-0.04533950617,-0.003143656716,0.02345177606,1
0.09564305041,2,0.0256704983,-0.1278125,0.4993450858,0.06577160494,0.02204291045,0.2185158126,1
0.02564281877,3,-0.04536307887,-0.1278125,-0.1681943071,0.06577160494,-0.02833022388,0.01261438888,0
-0.1029391148,3,0.1898073179,-0.1278125,0.4068436936,0.004043209877,0.004319029851,-0.3013540659,0
-0.08076225177,2,0.07106352806,-0.1278125,-0.1681943071,-0.04533950617,-0.003143656716,0.03416446349,1
-0.0003633658831,3,-0.08476731751,0.3721875,0.4068436936,0.004043209877,0.004319029851,0.07256431774,0
0.009197683481,3,0.1030486434,0.1221875,-0.1681943071,-0.04533950617,-0.003143656716,0.006452181615,0
0.05958193454,1,0.04770715852,-0.1278125,0.277414534,-0.03299382716,-0.002210820896,0.1307888629,1
-0.03932515094,3,-0.05052592108,0.1221875,-0.1681943071,0.004043209877,-0.01060634328,0.02288974303,0
-0.03204024633,1,-0.06976730471,-0.1278125,0.4068436936,0.004043209877,0.004319029851,0.04815115643,0
0.07751171686,3,0.07621274726,-0.1278125,0.277414534,-0.03299382716,-0.002210820896,-0.175914167,0
0.02361915888,3,-0.005859817829,0.3721875,0.4068436936,0.004043209877,0.004319029851,-0.03295278392,0
-0.007679269177,3,0.05471549349,0.1221875,-0.1681943071,-0.04533950617,-0.003143656716,-0.006128591382,0
-0.02593706128,3,-0.1956063315,-0.1278125,0.277414534,-0.03299382716,-0.002210820896,0.1290868529,1
0.22537454,3,-0.1580029912,0.3721875,0.277414534,-0.03299382716,-0.002210820896,0.2654055001,0
0.2068806167,1,0.001744512764,-0.1278125,-0.1681943071,-0.04533950617,-0.003143656716,-0.02378217763,0
0.006701897997,3,0.4139825332,0.1221875,-0.1681943071,-0.04533950617,-0.003143656716,0.009083691508,0
0.07103679768,3,-0.0359393461,0.1221875,-0.1681943071,-0.04533950617,-0.003143656716,0.002602599942,0
-0.03493337382,2,0.0372295095,-0.1278125,0.4993450858,0.06577160494,0.02204291045,-0.02339342044,1
-0.3065659299,3,-0.009016270929,0.1221875,-0.1681943071,-0.04533950617,-0.003143656716,-0.003572422766,0
-0.06436942374,3,0.2867281047,0.1221875,-0.1681943071,-0.04533950617,-0.003143656716,0.05669264955,1
0.01733724359,2,0.0611277709,-0.1278125,-0.1681943071,-0.03299382716,-0.004076492537,0.03030877664,1
0.1184907837,3,0.2459833979,-0.1278125,-0.1681943071,-0.04533950617,-0.003143656716,0.04057996916,1
0.1808314934,3,0.0857726695,-0.1278125,-0.1681943071,-0.04533950617,-0.003143656716,0.03751602688,1
0.1708942276,3,0.1094264665,0.3721875,-0.1681943071,-0.03299382716,-0.004076492537,-0.00290107348,0
-0.2291221349,2,0.04683811666,-0.1278125,-0.1681943071,-0.04533950617,-0.003143656716,0.03693423205,1
-0.0579487096,3,-0.185537739,0.3721875,-0.1681943071,-0.03299382716,-0.004076492537,0.0370079331,1
0.004925073464,3,-0.09443055445,0.1221875,-0.1681943071,0.06577160494,-0.02833022388,-0.01108995545,0
-0.05375725263,3,-0.01264669613,-0.1278125,-0.1681943071,-0.04533950617,-0.003143656716,-0.003718114154,0
-0.104899367,3,-0.03035861768,-0.1278125,-0.1681943071,-0.04533950617,-0.003143656716,0.01415757897,1
-0.04770256065,3,0.0679735986,-0.1278125,0.5738661543,0.152191358,0.05655783582,0.1114241767,0
-0.2380530798,3,0.03464645438,-0.1278125,-0.1681943071,-0.03299382716,-0.004076492537,0.004564862419,0
-0.005382231035,3,-0.01783805262,0.1221875,-0.1681943071,-0.04533950617,-0.003143656716,-0.01464232415,0
0.0793227695,3,0.02605545823,0.1221875,-0.1681943071,-0.03299382716,-0.004076492537,0.01262105859,0
-0.6720614548,3,0.0681397785,0.1221875,-0.1681943071,-0.03299382716,-0.004076492537,0.01950022707,0
-0.2467829134,3,-0.2974228344,0.1221875,-0.1681943071,-0.04533950617,-0.003143656716,0.06085782389,1
0.03128284941,3,-0.04037776093,-0.1278125,-0.1681943071,-0.04533950617,-0.003143656716,0.02199665732,1
-0.03905338636,3,0.09883877443,0.1221875,0.7894010652,0.7447839506,0.4744682836,0.16435101,1
0.1502273092,3,-0.01668301617,0.1221875,-0.1681943071,-0.03299382716,-0.004076492537,0.02341647447,1
-0.0409508636,3,0.1071845156,0.1221875,-0.1681943071,0.152191358,-0.06284514925,0.03129596993,1
0.05053883836,2,0.01620033194,-0.1278125,-0.1681943071,-0.04533950617,-0.003143656716,0.003618071207,0
0.04035566809,1,-0.02879857156,-0.1278125,0.4068436936,0.004043209877,0.004319029851,-0.4476949679,0
0.1979214217,2,-0.00133479031,-0.1278125,-0.1681943071,-0.04533950617,-0.003143656716,-0.009662883851,0
0.006138549448,3,-0.1381528298,0.1221875,0.277414534,-0.03299382716,-0.002210820896,0.191351864,0
-0.05435794231,2,0.03716653379,-0.1278125,0.4068436936,0.004043209877,0.004319029851,-0.1130037021,1
0.005879934539,3,0.2235374585,-0.1278125,0.277414534,-0.03299382716,-0.002210820896,0.1470923088,0
-0.07926722273,3,0.1428801696,-0.1278125,0.5738661543,0.152191358,0.05655783582,0.2339376932,0
-0.1289543441,2,-0.01539788238,-0.1278125,-0.1681943071,-0.04533950617,-0.003143656716,-0.009116534275,0
-0.002306609952,3,-0.02353137934,0.1221875,-0.1681943071,-0.03299382716,-0.004076492537,0.005680095188,0
-0.0533942773,2,0.04010489284,0.3721875,-0.1681943071,-0.04533950617,-0.003143656716,-0.0031638616,0
0.09716648957,2,0.006516875103,-0.1278125,-0.1681943071,0.152191358,-0.06284514925,-0.004005590872,0
-0.0003357236625,2,-0.0008680540911,-0.1278125,-0.1681943071,-0.04533950617,-0.003143656716,0.005647790799,0
-0.09088666358,3,-0.1425632441,0.1221875,-0.1681943071,-0.04533950617,-0.003143656716,-0.005044320436,0
-0.2222004255,3,-0.1726539415,-0.1278125,-0.1681943071,0.06577160494,-0.02833022388,0.000620691135,0
0.07472764004,2,0.03835395969,0.1221875,-0.1681943071,-0.03299382716,-0.004076492537,0.03330366937,1
-0.4228204084,3,0.1967265073,-0.1278125,0.4068436936,0.004043209877,0.004319029851,-0.03298776305,0
0.05234429076,3,0.03571335978,-0.1278125,0.4068436936,0.004043209877,0.004319029851,-0.170731378,1
0.01944587772,3,0.09098386199,-0.1278125,0.4068436936,0.004043209877,0.004319029851,0.1464828667,1
-0.06670251073,3,-0.1656909447,-0.1278125,-0.1681943071,0.004043209877,-0.01060634328,0.004988228467,0
-0.07411596303,2,0.001643789,-0.1278125,-0.1681943071,0.2633024691,-0.1197481343,0.008015752054,0
-0.1580204842,3,0.07256511988,-0.1278125,-0.1681943071,0.004043209877,-0.01060634328,-0.03207880674,0
-0.04346197737,2,0.03096370424,-0.1278125,-0.1681943071,-0.04533950617,-0.003143656716,0.02111404677,1
-0.1570168763,2,-0.01813439142,0.1221875,-0.1681943071,-0.04533950617,-0.003143656716,-0.009782266678,0
0.1010965014,3,0.1218130136,-0.1278125,-0.1681943071,-0.04533950617,-0.003143656716,-0.006617337318,0
0.105811627,3,0.2321484806,0.1221875,-0.1681943071,0.06577160494,-0.02833022388,0.0274502176,1
0.02864967858,3,-0.263835745,0.3721875,0.277414534,-0.03299382716,-0.002210820896,-0.06869447492,0
0.04690548372,3,0.05814343885,0.1221875,-0.1681943071,0.004043209877,-0.01060634328,-0.0004124831711,0
0.03111122046,2,0.05455542622,-0.1278125,0.4068436936,0.004043209877,0.004319029851,0.2133426717,1
0.07089390186,2,0.05272337588,-0.1278125,-0.1681943071,-0.04533950617,-0.003143656716,0.05159344239,1
-0.02676988939,3,-0.07322770602,0.1221875,0.6373519674,0.2633024691,0.1134608209,0.1859489046,0
0.09769136608,3,-0.1497298473,-0.1278125,-0.1681943071,-0.04533950617,-0.003143656716,0.03890349574,1
0.1634441663,2,-0.02537055298,-0.1278125,-0.1681943071,-0.04533950617,-0.003143656716,-0.003971069131,0
-0.002898978959,2,-0.01767803268,0.1221875,0.4068436936,0.004043209877,0.004319029851,-0.03853120146,0
0.1063183456,3,-0.04264119961,0.1221875,-0.1681943071,-0.04533950617,-0.003143656716,0.03948826232,1
0.08422933215,3,-0.03463177727,0.6221875,0.277414534,-0.03299382716,-0.002210820896,-0.2632066165,0
0.1686013268,1,-0.06690932688,-0.1278125,-0.1681943071,-0.03299382716,-0.004076492537,0.02053646579,1
-0.07359670893,3,0.1285772675,-0.1278125,-0.1681943071,-0.04533950617,-0.003143656716,-0.01611527028,0
0.01442425056,3,0.1481948585,0.1221875,-0.1681943071,-0.04533950617,-0.003143656716,-0.02059001707,0
0.0663165641,3,0.06232829148,0.1221875,-0.1681943071,-0.04533950617,-0.003143656716,-0.02022786716,0
-0.1301935257,3,-0.2409571873,0.3721875,-0.1681943071,0.2633024691,-0.1197481343,-0.0003659711029,0
0.197989873,2,0.03406239373,0.1221875,0.4068436936,0.004043209877,0.004319029851,0.2613362255,1
0.02076570591,3,0.01349308594,-0.1278125,-0.1681943071,-0.03299382716,-0.004076492537,-0.005647307173,0
0.09475352298,3,-0.2409484615,-0.1278125,0.277414534,-0.03299382716,-0.002210820896,-0.1055063742,0
0.05741736192,2,0.03554115546,-0.1278125,-0.1681943071,-0.04533950617,-0.003143656716,-0.01523537014,0
-0.02269611277,2,-0.005588065662,0.1221875,-0.1681943071,-0.04533950617,-0.003143656716,-0.01866998687,0
0.0387858434,3,0.06902689152,0.1221875,-0.1681943071,-0.04533950617,-0.003143656716,-0.009342814893,0
0.1676955127,3,0.04616671046,-0.1278125,-0.1681943071,-0.04533950617,-0.003143656716,-0.01129463679,0
0.1082879272,3,-0.1991844077,-0.1278125,-0.1681943071,-0.04533950617,-0.003143656716,-0.008663222607,0
0.02753512824,3,0.01204729493,0.1221875,-0.1681943071,-0.04533950617,-0.003143656716,0.0252677858,1
-0.01405180145,3,0.0778292772,-0.1278125,0.4068436936,0.004043209877,0.004319029851,-0.1152372448,0
-0.3070807341,3,-0.1405386607,0.3721875,-0.1681943071,-0.04533950617,-0.003143656716,-0.02276632894,0
0.1086052099,3,-0.1049681779,0.1221875,0.4068436936,0.004043209877,0.004319029851,-0.04450651652,1
0.05081827981,3,0.1291090782,0.1221875,-0.1681943071,-0.04533950617,-0.003143656716,0.02817078821,1
-0.2708028538,3,-0.1637232794,-0.1278125,-0.1681943071,-0.03299382716,-0.004076492537,-0.008641559669,0
0.09857928864,2,-0.01289992373,0.1221875,-0.1681943071,0.152191358,-0.06284514925,-0.008954680903,0
-0.03023119969,3,-0.1981742562,0.1221875,-0.1681943071,0.004043209877,-0.01060634328,-0.03340186459,0
-0.08546655008,3,-0.003037282878,0.3721875,-0.1681943071,0.004043209877,-0.01060634328,-0.02583255387,0
-0.01626522377,2,-0.01729885725,0.1221875,-0.1681943071,-0.04533950617,-0.003143656716,0.01172261233,0
0.1192074674,4,0.03169120044,-0.1278125,-0.1681943071,-0.04533950617,-0.003143656716,0.0287970506,1
0.09102744262,2,0.03977840599,0.1221875,0.277414534,-0.03299382716,-0.002210820896,-0.03415477611,1
-0.1478010278,3,0.2107995705,0.1221875,-0.1681943071,0.004043209877,-0.01060634328,0.04287615112,1
0.2439709902,3,-0.2957185974,0.3721875,-0.1681943071,-0.04533950617,-0.003143656716,-0.01816807502,0
-0.02847068654,3,-0.3561763881,0.3721875,-0.1681943071,-0.04533950617,-0.003143656716,-0.0009252603543,0
-0.03988479844,3,-0.006674681469,0.1221875,-0.1681943071,-0.04533950617,-0.003143656716,-0.02125047379,0
0.1818173094,3,0.1075469273,-0.1278125,-0.1681943071,0.004043209877,-0.01060634328,-0.0107806809,0
0.03829611671,1,0.2171062687,-0.1278125,-0.1681943071,0.004043209877,-0.01060634328,-0.01637051788,0
0.0285157738,3,-0.05872391815,-0.1278125,-0.1681943071,0.06577160494,-0.02833022388,0.0288576894,1
0.001555845107,3,0.0392617208,0.1221875,-0.1681943071,-0.04533950617,-0.003143656716,-0.01111659085,0
-0.1120811782,2,0.03432228755,-0.1278125,-0.1681943071,-0.04533950617,-0.003143656716,0.04002464438,1
0.09370987278,3,-0.1253922122,0.1221875,-0.1681943071,-0.04533950617,-0.003143656716,-0.01887583985,0
0.1341472144,3,-0.1939897244,-0.1278125,0.4993450858,0.06577160494,0.02204291045,-0.1223193413,1
-0.2864786297,3,-0.2391664859,-0.1278125,-0.1681943071,-0.04533950617,-0.003143656716,0.02402823764,1
-0.1909142198,3,-0.08992779681,0.1221875,-0.1681943071,-0.04533950617,-0.003143656716,-0.02346730233,0
-0.1589311086,3,0.05835080704,-0.1278125,-0.1681943071,-0.04533950617,-0.003143656716,0.01089245911,0
-0.08340620073,2,0.05344567895,0.6221875,-0.1681943071,0.004043209877,-0.01060634328,0.03852362311,1
0.0399552871,3,0.143515278,-0.1278125,-0.1681943071,0.06577160494,-0.02833022388,-0.001160387792,0
0.1197141896,3,-0.04381795654,0.8721875,-0.1681943071,0.2633024691,-0.1197481343,0.03689681363,1
0.1296427035,3,-0.169299099,-0.1278125,-0.1681943071,-0.04533950617,-0.003143656716,0.0006903366459,0
-0.01467312636,3,0.01646149997,-0.1278125,0.277414534,-0.03299382716,-0.002210820896,-0.1593042678,0
-0.006660150987,3,0.0208762025,-0.1278125,0.4068436936,0.004043209877,0.004319029851,-0.2263386083,0
-0.08217939862,2,0.01151400807,-0.1278125,0.277414534,-0.03299382716,-0.002210820896,0.07063890708,0
0.1719889442,1,-0.1741728826,-0.1278125,0.4068436936,0.004043209877,0.004319029851,-0.1587328797,0
-0.02791542631,3,0.1126611988,-0.1278125,-0.1681943071,0.06577160494,-0.02833022388,0.01558306082,1
-0.03710084311,3,-0.03195070977,-0.1278125,0.4068436936,0.004043209877,0.004319029851,-0.1422879687,0
-0.0742852169,3,-0.2998544166,0.1221875,-0.1681943071,-0.04533950617,-0.003143656716,-0.00243902137,0
-0.066881538,3,-0.05667669222,-0.1278125,-0.1681943071,-0.04533950617,-0.003143656716,0.02155688298,1
-0.2852907784,3,0.08014301182,-0.1278125,-0.1681943071,-0.04533950617,-0.003143656716,0.01123436379,0
-0.2323587587,3,-0.3067037213,-0.1278125,-0.1681943071,0.152191358,-0.06284514925,-0.01244075675,0
-0.04785465013,3,-0.1966511504,-0.1278125,-0.1681943071,-0.04533950617,-0.003143656716,0.006796117995,0
-0.09227971656,2,-0.0164876388,-0.1278125,0.4993450858,0.06577160494,0.02204291045,-0.3195047938,0
0.07487014955,3,-0.151870393,-0.1278125,-0.1681943071,-0.03299382716,-0.004076492537,0.03774166704,1
-0.162924799,2,0.01232585484,0.6221875,-0.1681943071,-0.03299382716,-0.004076492537,-0.01853933393,0
0.1500008343,3,-0.0801560348,-0.1278125,-0.1681943071,-0.04533950617,-0.003143656716,-0.0067685862,0
-0.09314989996,3,0.01611032233,-0.1278125,-0.1681943071,-0.04533950617,-0.003143656716,0.04066476885,1
-0.1069994062,4,-0.03871537505,-0.1278125,-0.1681943071,-0.03299382716,-0.004076492537,-0.02467502669,0
0.0921722712,3,0.06939739527,0.1221875,-0.1681943071,-0.04533950617,-0.003143656716,0.005885486642,0
-0.065101048,2,0.02314696571,0.1221875,0.4068436936,0.004043209877,0.004319029851,0.09509435089,1
0.1371459576,3,-0.09243427097,-0.1278125,-0.1681943071,-0.04533950617,-0.003143656716,0.03576368509,1
-0.09160094826,1,0.03214928651,-0.1278125,-0.1681943071,-0.04533950617,-0.003143656716,-0.01543108955,0
-0.08037516706,3,-0.2997814791,-0.1278125,0.277414534,-0.03299382716,-0.002210820896,-0.1244954842,1
0.3279385452,3,-0.3418077088,-0.1278125,-0.1681943071,-0.04533950617,-0.003143656716,0.01789544855,1
0.1115253067,3,-0.02581324529,0.1221875,-0.1681943071,-0.03299382716,-0.004076492537,0.01006042209,0
0.1676005306,3,-0.1022920762,-0.1278125,-0.1681943071,0.2633024691,-0.1197481343,-0.01356036787,0
-0.1293854612,3,-0.4529252761,-0.1278125,-0.1681943071,-0.04533950617,-0.003143656716,-0.02753370372,0
-0.01929348446,3,-0.1698085601,0.1221875,-0.1681943071,0.2633024691,-0.1197481343,0.0003973182577,0
-0.06273852901,2,0.0007400082308,0.3721875,0.277414534,-0.03299382716,-0.002210820896,-0.1080437458,0
0.006975834946,3,0.1370877481,0.1221875,0.6373519674,0.2633024691,0.1134608209,0.02251198786,0
0.1384045028,3,0.002128808547,0.3721875,-0.1681943071,-0.04533950617,-0.003143656716,-0.01556529533,0
-0.03160346742,3,0.07731451328,0.3721875,-0.1681943071,0.06577160494,-0.02833022388,0.005808741254,1
0.06349468769,3,0.2567590185,-0.1278125,-0.1681943071,0.004043209877,-0.01060634328,-0.01953164966,0
-0.1099706271,3,-0.0060794614,0.1221875,-0.1681943071,0.152191358,-0.06284514925,0.0113427195,0
0.1557319682,3,-0.1146948629,0.1221875,0.6373519674,0.2633024691,0.1134608209,0.07465546947,1
-0.00879237095,2,0.007902481596,-0.1278125,-0.1681943071,-0.04533950617,-0.003143656716,-0.02013386609,0
-0.06192544356,3,0.3065131859,-0.1278125,-0.1681943071,0.004043209877,-0.01060634328,-0.009644475633,0
0.04564360369,3,0.2310328832,-0.1278125,-0.1681943071,-0.04533950617,-0.003143656716,-0.01909575607,0
0.2092181113,3,-0.3378148638,-0.1278125,-0.1681943071,-0.04533950617,-0.003143656716,0.0003880087198,0
0.01929923719,3,-0.06058628854,-0.1278125,0.4993450858,0.06577160494,0.02204291045,0.1272949306,1
-0.06551148275,3,0.07890786105,-0.1278125,-0.1681943071,-0.03299382716,-0.004076492537,-0.02531160157,0
-0.06923389238,2,-0.01435980807,-0.1278125,-0.1681943071,-0.04533950617,-0.003143656716,0.006853114001,0
-0.2990658181,3,0.1235471643,-0.1278125,-0.1681943071,-0.04533950617,-0.003143656716,-0.01847389375,0
-0.2427671317,3,-0.07884936451,0.1221875,-0.1681943071,-0.03299382716,-0.004076492537,0.02332836192,1
-0.03964584429,3,-0.09891931218,0.3721875,0.4993450858,0.06577160494,0.02204291045,-0.2983137197,1
-0.0459219933,2,0.01810909801,-0.1278125,0.277414534,-0.03299382716,-0.002210820896,0.1477988991,0
-0.03469888808,3,0.2376707194,-0.1278125,-0.1681943071,-0.04533950617,-0.003143656716,0.001492601702,0
-0.06579615927,2,0.04304085683,-0.1278125,0.277414534,-0.03299382716,-0.002210820896,0.0274942497,1
0.02051366425,2,0.03250015093,-0.1278125,0.277414534,-0.03299382716,-0.002210820896,0.05757211576,1
0.1331228753,3,0.2038999746,0.1221875,-0.1681943071,-0.04533950617,-0.003143656716,0.03823646689,1
0.2460258904,2,0.03301881361,-0.1278125,0.5738661543,0.152191358,0.05655783582,-0.04635452045,1
0.1080542428,3,-0.2690083382,-0.1278125,-0.1681943071,-0.04533950617,-0.003143656716,-0.01890809796,0
-0.1863604428,3,-0.3612040235,-0.1278125,0.5738661543,0.152191358,0.05655783582,0.1298291816,1
0.1443681538,3,-0.2195077516,-0.1278125,0.277414534,-0.03299382716,-0.002210820896,-0.2577863636,0
-0.0707855285,3,-0.165566631,0.1221875,-0.1681943071,-0.04533950617,-0.003143656716,-0.01586169753,0
0.02996288797,2,0.07452064673,-0.1278125,0.693235006,0.3991049383,0.1983488806,-0.2139109587,1
0.06681104866,2,-0.0002076252323,-0.1278125,-0.1681943071,-0.04533950617,-0.003143656716,-0.01644469267,0
-0.001267805392,3,-0.1062553077,0.6221875,-0.1681943071,-0.03299382716,-0.004076492537,-0.02330359677,0
-0.01316601859,3,0.2799777311,-0.1278125,0.277414534,-0.03299382716,-0.002210820896,-0.1243250043,0
0.05279743913,2,0.0123433936,-0.1278125,0.277414534,-0.03299382716,-0.002210820896,0.02461193793,0
-0.06294154597,3,0.02820498935,0.3721875,0.277414534,-0.03299382716,-0.002210820896,-0.07518211541,0
0.1628555187,2,0.002892196994,-0.1278125,0.4993450858,0.06577160494,0.02204291045,-0.05166210505,0
0.1448693081,3,-0.3225695382,-0.1278125,0.277414534,-0.03299382716,-0.002210820896,-0.02851870926,0
0.1407840731,3,-0.1477944575,0.1221875,0.4068436936,0.004043209877,0.004319029851,0.01584472058,1
0.3258459106,2,0.05220956371,0.1221875,-0.1681943071,0.004043209877,-0.01060634328,0.03882626794,1
0.08906237744,2,-0.00217865067,0.3721875,-0.1681943071,-0.03299382716,-0.004076492537,0.00598091003,0
0.04042539408,3,0.07104873323,-0.1278125,-0.1681943071,-0.04533950617,-0.003143656716,-0.009866670463,0
-0.06731400385,2,0.005342466946,-0.1278125,-0.1681943071,-0.04533950617,-0.003143656716,0.02118941677,0
-0.0861258148,2,0.03528997193,-0.1278125,-0.1681943071,-0.04533950617,-0.003143656716,0.02900734943,1
-0.03102148304,3,-0.2735974133,0.1221875,-0.1681943071,-0.04533950617,-0.003143656716,0.02063160575,1
0.05515786282,3,0.05861384123,-0.1278125,0.5738661543,0.152191358,0.05655783582,-0.1316336453,1
0.03906500057,3,0.08257244928,-0.1278125,-0.1681943071,-0.04533950617,-0.003143656716,0.009629735686,0
0.05149463308,3,0.1736778572,0.1221875,-0.1681943071,-0.04533950617,-0.003143656716,-0.02166597829,0
0.0322197155,3,0.2496612002,-0.1278125,0.277414534,-0.03299382716,-0.002210820896,-0.1594478198,0
0.1268215288,3,0.0597019814,-0.1278125,0.8318056929,0.9546604938,0.6768936567,-0.1195701982,1
0.07855439103,3,0.2616023049,-0.1278125,-0.1681943071,0.004043209877,-0.01060634328,-0.01514905239,0
0.1316501448,3,0.2335944268,-0.1278125,0.4068436936,0.004043209877,0.004319029851,0.04383352951,1
-0.3916459135,2,0.01037594186,0.3721875,-0.1681943071,-0.04533950617,-0.003143656716,-0.003788880643,0
0.02377976306,2,0.03485003159,0.1221875,-0.1681943071,-0.04533950617,-0.003143656716,0.02798965134,1
0.05472395371,3,0.08692252918,-0.1278125,0.4068436936,0.004043209877,0.004319029851,-0.2381201684,0
-0.01926869822,2,0.04636801233,-0.1278125,-0.1681943071,-0.03299382716,-0.004076492537,0.0312351799,1
0.07200898328,3,-0.01366899989,-0.1278125,0.4068436936,0.004043209877,0.004319029851,-0.03623315022,0
0.2053502838,3,-0.09295835078,0.1221875,-0.1681943071,0.004043209877,-0.01060634328,0.03173828344,1
0.1630288023,2,-0.02653330729,-0.1278125,-0.1681943071,-0.04533950617,-0.003143656716,-0.0004375349709,0
0.1425164825,3,-0.130385697,-0.1278125,0.277414534,-0.03299382716,-0.002210820896,0.202742454,1
-0.03706840393,3,-0.2212850953,-0.1278125,-0.1681943071,-0.04533950617,-0.003143656716,0.03016361112,1
0.145677458,2,-0.0361406473,-0.1278125,-0.1681943071,-0.04533950617,-0.003143656716,-0.02137937651,0
-0.5676096885,3,-0.1401074552,-0.1278125,-0.1681943071,-0.04533950617,-0.003143656716,-0.000322698252,0
0.1896470587,3,0.02244773555,-0.1278125,-0.1681943071,0.004043209877,-0.01060634328,0.02416614536,1
0.003654641873,3,-0.2994111171,0.3721875,-0.1681943071,-0.03299382716,-0.004076492537,-0.008465501665,0
0.0008561989077,2,0.007422524269,-0.1278125,0.4068436936,0.004043209877,0.004319029851,0.1627746754,0
-0.01377184613,3,0.1459604357,-0.1278125,-0.1681943071,-0.04533950617,-0.003143656716,-0.01068355166,0
0.1658639138,3,-0.17608902,0.1221875,0.277414534,-0.03299382716,-0.002210820896,0.2286710457,1
0.03127321982,3,0.03859909144,0.1221875,0.277414534,-0.03299382716,-0.002210820896,0.03078387464,1
-0.05832996919,3,0.1106773286,-0.1278125,-0.1681943071,-0.03299382716,-0.004076492537,-0.02350988959,0
-0.1489149771,3,-0.06342029694,0.1221875,-0.1681943071,-0.04533950617,-0.003143656716,-0.01078458689,0
0.06228893593,2,0.04535992395,-0.1278125,0.4993450858,0.06577160494,0.02204291045,0.2757314564,1
-0.1415473101,3,0.04256982828,0.1221875,-0.1681943071,-0.04533950617,-0.003143656716,-0.02358219645,0
0.06734696359,3,0.01166718291,-0.1278125,0.4993450858,0.06577160494,0.02204291045,-0.04325064081,1
0.1671534641,3,-0.08615877012,-0.1278125,-0.1681943071,-0.04533950617,-0.003143656716,0.0238178557,1
0.3040503419,3,0.3471978575,-0.1278125,-0.1681943071,-0.04533950617,-0.003143656716,0.03094504603,1
0.04380071288,3,0.0589442365,-0.1278125,-0.1681943071,0.152191358,-0.06284514925,0.02195518269,1
-0.1096980264,3,0.1464076562,0.1221875,-0.1681943071,0.2633024691,-0.1197481343,0.04996815976,1
0.104244304,3,0.1116164727,-0.1278125,-0.1681943071,-0.04533950617,-0.003143656716,0.04236155502,1
0.2747132655,2,0.02560390865,-0.1278125,0.4068436936,0.004043209877,0.004319029851,-0.03207204761,1
-0.04542293535,3,-0.1070981632,-0.1278125,-0.1681943071,-0.04533950617,-0.003143656716,0.01431236586,1
0.04892976981,3,0.03534959429,-0.1278125,-0.1681943071,-0.04533950617,-0.003143656716,0.0261810155,1
0.1899797687,2,-0.0019088869,0.1221875,-0.1681943071,-0.04533950617,-0.003143656716,-0.0001459803768,0
0.1190597117,3,-0.04070470169,-0.1278125,-0.1681943071,-0.03299382716,-0.004076492537,-0.04073302702,0
0.02380316631,3,-0.03425191421,-0.1278125,-0.1681943071,-0.04533950617,-0.003143656716,-0.02447951283,0
0.0596006643,3,-0.03490615556,-0.1278125,-0.1681943071,-0.03299382716,-0.004076492537,0.02461170248,1
0.1261145293,3,-0.1637608828,-0.1278125,-0.1681943071,0.06577160494,-0.02833022388,0.02055529202,1
-0.131357258,3,0.04693157235,-0.1278125,-0.1681943071,0.004043209877,-0.01060634328,0.01068165975,0
-0.1185302775,3,-0.01914145896,0.1221875,-0.1681943071,-0.04533950617,-0.003143656716,0.02643606782,1
0.05934846025,3,-0.007498245852,-0.1278125,-0.1681943071,-0.03299382716,-0.004076492537,-0.002517231606,0
0.1629003302,2,-0.0001209650436,-0.1278125,-0.1681943071,-0.04533950617,-0.003143656716,-0.02235102779,0
-0.580538149,2,0.004203592815,0.3721875,-0.1681943071,0.004043209877,-0.01060634328,-0.002607887252,0
0.09447983795,3,0.3138083981,-0.1278125,0.4993450858,0.06577160494,0.02204291045,-0.3121136248,0
0.01832956354,3,-0.03423089503,-0.1278125,-0.1681943071,-0.04533950617,-0.003143656716,0.03052431088,1
0.04542512692,2,-0.004756538649,-0.1278125,0.4068436936,0.004043209877,0.004319029851,-0.1213882069,0
-0.09931640792,2,-0.007595419236,-0.1278125,-0.1681943071,-0.04533950617,-0.003143656716,0.001556835547,0
0.2241567632,3,0.1886999217,-0.1278125,-0.1681943071,0.152191358,-0.06284514925,0.01974070337,0
0.04572265983,2,-0.008001317724,-0.1278125,0.277414534,-0.03299382716,-0.002210820896,0.1790094112,0
0.06958592225,3,0.05665194863,0.3721875,-0.1681943071,-0.03299382716,-0.004076492537,-0.01090415281,0
0.1144271024,2,0.05104849046,0.1221875,0.277414534,-0.03299382716,-0.002210820896,-0.2261520039,1
0.2071596076,3,-0.04273182592,-0.1278125,-0.1681943071,0.004043209877,-0.01060634328,-0.0184143227,0
-0.04106566084,2,-0.02650201371,-0.1278125,-0.1681943071,-0.04533950617,-0.003143656716,0.0006457851494,0
-0.0930798122,3,0.2665116549,-0.1278125,-0.1681943071,-0.03299382716,-0.004076492537,0.003888316707,0
0.1621008043,3,0.1492498112,-0.1278125,0.277414534,-0.03299382716,-0.002210820896,0.05719566627,0
-0.09527178243,2,-0.02764820937,0.1221875,0.4068436936,0.004043209877,0.004319029851,0.05873479119,0
0.01813023227,3,-0.01476116456,0.3721875,0.277414534,-0.03299382716,-0.002210820896,-0.3329486105,1
-0.0974951933,3,0.1214148542,0.3721875,0.4068436936,0.004043209877,0.004319029851,-0.3641466393,0
-0.01372750851,3,0.07772192123,-0.1278125,0.277414534,-0.03299382716,-0.002210820896,-0.2689560569,0
0.2295928729,3,-0.0698920385,0.1221875,-0.1681943071,-0.04533950617,-0.003143656716,0.02751546529,1
-0.2137613313,3,-0.1875191185,0.6221875,0.277414534,-0.03299382716,-0.002210820896,0.117001167,0
-0.03577391087,2,0.007739740966,-0.1278125,-0.1681943071,-0.04533950617,-0.003143656716,-0.03176012172,0
0.1477865588,3,0.212557781,0.1221875,-0.1681943071,0.004043209877,-0.01060634328,-0.02051013774,0
0.2302185058,2,0.05830695507,-0.1278125,-0.1681943071,-0.04533950617,-0.003143656716,0.02189836547,1
0.2300208302,3,-0.0304093764,0.1221875,-0.1681943071,-0.03299382716,-0.004076492537,0.02530632183,1
-0.03090820143,2,-0.002970587615,-0.1278125,-0.1681943071,0.06577160494,-0.02833022388,-0.01271841612,0
-0.02355844983,2,0.04144807207,-0.1278125,-0.1681943071,-0.04533950617,-0.003143656716,0.03855187686,1
0.03966351677,2,-0.02636321438,0.3721875,0.277414534,-0.03299382716,-0.002210820896,0.1800337264,0
0.01016792018,3,0.01830408444,-0.1278125,0.277414534,-0.03299382716,-0.002210820896,-0.1037588482,1
-0.1408679766,3,-0.0745578288,-0.1278125,-0.1681943071,-0.04533950617,-0.003143656716,-0.01471115686,0
0.03605308342,3,-0.05934189492,0.1221875,-0.1681943071,-0.04533950617,-0.003143656716,-0.02643239625,0
0.04642741208,2,-0.00530191334,0.1221875,-0.1681943071,-0.04533950617,-0.003143656716,0.009038718892,0
-0.02807089858,2,-0.007666495542,-0.1278125,-0.1681943071,-0.04533950617,-0.003143656716,-0.02319507186,0
0.1065948488,3,0.197719091,-0.1278125,0.277414534,-0.03299382716,-0.002210820896,-0.07963205556,0
0.05711395776,3,0.06654598155,-0.1278125,0.277414534,-0.03299382716,-0.002210820896,0.003047750662,0
0.07562633528,3,0.1113314646,0.1221875,-0.1681943071,-0.03299382716,-0.004076492537,0.01145902871,1
0.05476539004,3,0.1540798416,-0.1278125,-0.1681943071,0.06577160494,-0.02833022388,-0.01234397579,0
0.2758231506,2,0.05208255131,0.1221875,0.277414534,-0.03299382716,-0.002210820896,-0.05938989547,1
0.05298602645,3,0.3716545106,-0.1278125,0.4993450858,0.06577160494,0.02204291045,-0.1176183537,1
-0.03852556294,3,0.3305908106,-0.1278125,0.4068436936,0.004043209877,0.004319029851,-0.1360673187,1
0.05191155311,3,0.1287760229,-0.1278125,-0.1681943071,-0.04533950617,-0.003143656716,-0.01072213868,0
0.1103483113,3,-0.1997002403,-0.1278125,0.277414534,-0.03299382716,-0.002210820896,0.02903120238,1
-0.07198996599,3,0.2078588043,-0.1278125,0.277414534,-0.03299382716,-0.002210820896,0.2654399214,1
-0.00133338234,3,0.2324305935,0.1221875,-0.1681943071,-0.03299382716,-0.004076492537,-0.00923900772,0
-0.008423232668,3,0.07639733581,0.1221875,0.277414534,-0.03299382716,-0.002210820896,-0.2656059457,0
0.0224773618,3,-0.1688292177,-0.1278125,-0.1681943071,-0.04533950617,-0.003143656716,0.03676207457,1
-0.5804947697,3,-0.002544537394,-0.1278125,-0.1681943071,-0.04533950617,-0.003143656716,-0.01901375665,0
0.1167749962,3,-0.2799975598,-0.1278125,-0.1681943071,-0.04533950617,-0.003143656716,0.04085052068,1
-0.1286730633,2,-0.01676557408,-0.1278125,-0.1681943071,-0.04533950617,-0.003143656716,-0.01992214814,0
0.02379397213,3,-0.1472656556,0.1221875,-0.1681943071,-0.04533950617,-0.003143656716,0.03332491127,1
-0.04310873232,3,-0.2261045198,-0.1278125,-0.1681943071,-0.03299382716,-0.004076492537,-0.0214983261,0
0.04056197925,3,0.06755923532,-0.1278125,0.4068436936,0.004043209877,0.004319029851,0.06455108613,1
-0.08209048213,3,-0.03601653326,-0.1278125,-0.1681943071,-0.04533950617,-0.003143656716,-0.02140549208,0
-0.169477709,4,0.2005820027,-0.1278125,-0.1681943071,-0.04533950617,-0.003143656716,-0.0178861314,0
0.09877138823,2,0.08744294036,0.1221875,0.4068436936,0.004043209877,0.004319029851,-0.2570736583,1
-0.0587017633,3,0.02833742559,-0.1278125,-0.1681943071,0.004043209877,-0.01060634328,0.009009580347,0
-0.3508953707,2,0.006798552694,0.3721875,-0.1681943071,-0.04533950617,-0.003143656716,-0.00500754107,0
0.01099447427,3,0.1281333523,-0.1278125,-0.1681943071,-0.03299382716,-0.004076492537,0.006418760324,1
0.1203405236,2,0.05524429639,-0.1278125,-0.1681943071,-0.04533950617,-0.003143656716,0.01846277316,1
-0.009934806431,2,0.07474045669,-0.1278125,-0.1681943071,-0.04533950617,-0.003143656716,0.003992807655,1
0.01899863044,2,0.02862286232,-0.1278125,-0.1681943071,-0.04533950617,-0.003143656716,0.02560329472,1
0.02980703012,3,0.1039746735,0.1221875,-0.1681943071,0.004043209877,-0.01060634328,-0.0167711256,0
0.111094271,3,-0.06542647755,0.1221875,0.277414534,-0.03299382716,-0.002210820896,-0.1014007914,0
-0.07376554548,2,-0.006363578869,-0.1278125,-0.1681943071,-0.04533950617,-0.003143656716,-0.009606619454,0
-0.2155508673,1,-0.02736978671,-0.1278125,0.277414534,-0.03299382716,-0.002210820896,-0.3268965838,0
0.1021057694,3,0.05076562473,-0.1278125,-0.1681943071,-0.04533950617,-0.003143656716,0.02384661299,1
-0.1378820382,3,0.05532645925,-0.1278125,-0.1681943071,0.004043209877,-0.01060634328,0.01644530716,0
-0.3146515045,2,0.04633235893,0.1221875,-0.1681943071,-0.04533950617,-0.003143656716,0.03396598767,1
0.07602511441,3,-0.1479183049,-0.1278125,-0.1681943071,-0.04533950617,-0.003143656716,-0.01322215976,0
-0.09224865614,3,-0.2088946101,0.3721875,0.277414534,-0.03299382716,-0.002210820896,0.1582389744,1
0.02136439384,2,-0.01275121598,-0.1278125,-0.1681943071,0.06577160494,-0.02833022388,0.003879451586,0
-0.1781257832,2,-0.03535221525,-0.1278125,-0.1681943071,-0.04533950617,-0.003143656716,-0.02523098866,0
0.1536644995,3,-0.06932065567,0.3721875,-0.1681943071,0.004043209877,-0.01060634328,0.02435804895,1
0.08183211216,3,-0.03091279788,0.3721875,0.277414534,-0.03299382716,-0.002210820896,0.1011949305,1
0.06620596229,3,-0.07128966911,0.1221875,-0.1681943071,-0.04533950617,-0.003143656716,-0.007616214237,0
-0.1199708575,2,-0.009815716009,0.1221875,-0.1681943071,-0.04533950617,-0.003143656716,-0.02744540167,0
0.08036434214,2,0.02281939022,0.1221875,-0.1681943071,-0.04533950617,-0.003143656716,0.00883474393,0
-0.06618536027,2,0.04718952864,0.1221875,-0.1681943071,-0.04533950617,-0.003143656716,0.04638273549,1
-0.05990447653,3,0.1144531097,-0.1278125,-0.1681943071,-0.04533950617,-0.003143656716,-0.02474878814,0
-0.1507340177,3,-0.1085645737,-0.1278125,-0.1681943071,0.004043209877,-0.01060634328,-0.01329154998,0
-0.1042671918,2,0.004785908674,-0.1278125,-0.1681943071,-0.04533950617,-0.003143656716,0.0390342487,1
-0.07181855691,2,0.005523531619,0.3721875,-0.1681943071,-0.04533950617,-0.003143656716,-0.02180825171,0
-0.1282695717,3,0.02083109461,0.6221875,-0.1681943071,-0.03299382716,-0.004076492537,0.007730120517,0
-0.002603108469,3,-0.1224638298,0.3721875,0.277414534,-0.03299382716,-0.002210820896,0.06835871218,0
0.1356663561,3,-0.04400789843,0.1221875,-0.1681943071,-0.04533950617,-0.003143656716,0.04141610366,1
-0.1349654867,3,0.01241733542,0.1221875,-0.1681943071,0.06577160494,-0.02833022388,0.00558720639,1
0.01301095902,2,-0.02401040989,-0.1278125,-0.1681943071,-0.04533950617,-0.003143656716,-0.01115025618,0
0.2312381554,2,-0.001769831529,-0.1278125,0.277414534,-0.03299382716,-0.002210820896,0.1978272688,0
-0.08621406056,3,0.1830207733,0.1221875,-0.1681943071,0.004043209877,-0.01060634328,-0.006088404179,0
0.1902301693,3,-0.04455632296,0.1221875,-0.1681943071,-0.04533950617,-0.003143656716,0.04706529522,1
-0.07786069059,3,-0.1226317345,-0.1278125,-0.1681943071,-0.04533950617,-0.003143656716,-0.01968818459,0
0.01842512012,2,0.04052175204,-0.1278125,0.4068436936,0.004043209877,0.004319029851,-0.141675334,1
0.07291792795,3,-0.01035845244,0.1221875,0.4068436936,0.004043209877,0.004319029851,-0.1925985508,1
0.1104675267,2,-0.0128186555,0.1221875,-0.1681943071,0.152191358,-0.06284514925,0.01404493629,0
-0.02559770779,3,-0.08336968125,0.1221875,-0.1681943071,0.06577160494,-0.02833022388,0.02447347536,1
-0.01962590541,3,0.1193040714,-0.1278125,-0.1681943071,0.004043209877,-0.01060634328,0.03601594608,1
0.1139316503,3,-0.003751982981,-0.1278125,0.277414534,-0.03299382716,-0.002210820896,-0.04121749832,1
-0.0255608408,3,0.1043680071,-0.1278125,-0.1681943071,-0.03299382716,-0.004076492537,-0.0122452966,0
-0.05157838217,3,-0.4561371969,0.1221875,-0.1681943071,-0.04533950617,-0.003143656716,-0.01607139472,0
-0.07139735378,2,-0.006736634326,-0.1278125,-0.1681943071,-0.03299382716,-0.004076492537,-0.0174428815,0
-0.006649247567,3,0.02300823635,-0.1278125,0.5738661543,0.152191358,0.05655783582,0.08005588038,1
0.1450705004,3,0.1420290924,-0.1278125,-0.1681943071,-0.04533950617,-0.003143656716,0.02691661053,0
0.04705985649,1,-0.09304564152,-0.1278125,-0.1681943071,-0.04533950617,-0.003143656716,-0.01256762185,0
0.02701838443,2,0.01670392462,-0.1278125,-0.1681943071,-0.04533950617,-0.003143656716,-0.008631171572,0
0.1228214934,2,-0.02992982669,-0.1278125,0.4068436936,0.004043209877,0.004319029851,-0.09608629106,0
-0.01680669413,3,-0.2511532749,0.1221875,-0.1681943071,-0.04533950617,-0.003143656716,0.01511353189,1
-0.01396802967,1,-0.1810630558,-0.1278125,-0.1681943071,-0.04533950617,-0.003143656716,0.006711308456,0
0.05431765991,3,0.0996918411,-0.1278125,-0.1681943071,0.004043209877,-0.01060634328,-0.01469540605,0
-0.233987429,3,0.02870434069,-0.1278125,-0.1681943071,-0.04533950617,-0.003143656716,0.008060741754,0
-0.05148675706,3,0.0795605273,-0.1278125,0.4068436936,0.004043209877,0.004319029851,0.1047256384,1
-0.119819469,3,-0.03350131952,-0.1278125,-0.1681943071,-0.04533950617,-0.003143656716,-0.01370381,0
-0.2386866724,3,-0.2233629875,0.3721875,-0.1681943071,-0.04533950617,-0.003143656716,0.01917635655,1
0.2645207658,3,-0.1805499366,-0.1278125,-0.1681943071,-0.03299382716,-0.004076492537,0.03427379758,1
0.03812545384,3,-0.02236958989,-0.1278125,-0.1681943071,-0.04533950617,-0.003143656716,-0.001448488686,0
-0.02906372704,2,-0.01556430076,-0.1278125,-0.1681943071,0.004043209877,-0.01060634328,-0.01367000659,0
0.01317084754,3,-0.2669294686,0.1221875,-0.1681943071,-0.04533950617,-0.003143656716,-0.006089771003,0
-0.06305657892,2,-0.009880113401,0.3721875,0.4993450858,0.06577160494,0.02204291045,-0.04234784014,0
-0.01122169388,3,-0.09519903043,0.1221875,-0.1681943071,-0.04533950617,-0.003143656716,-0.01826380126,0
0.02590019993,3,-0.05394131018,0.1221875,-0.1681943071,-0.03299382716,-0.004076492537,-0.04454000754,0
0.00708870837,1,0.1049872023,-0.1278125,0.4993450858,0.06577160494,0.02204291045,0.07979210395,0
0.07856746575,2,0.001749006589,-0.1278125,0.4993450858,0.06577160494,0.02204291045,-0.1329949481,0
-0.04248649968,3,0.1459898828,-0.1278125,-0.1681943071,-0.04533950617,-0.003143656716,-0.003779247526,0
-0.004057907364,3,0.06289714793,0.1221875,-0.1681943071,-0.03299382716,-0.004076492537,-0.02310681269,0
0.03227768672,2,-0.01803120379,0.1221875,-0.1681943071,0.004043209877,-0.01060634328,-0.01074520455,0
-0.2123249326,3,0.07769443731,0.8721875,-0.1681943071,0.004043209877,-0.01060634328,-0.005667126214,0
-0.3027276184,3,0.1644910608,-0.1278125,0.277414534,-0.03299382716,-0.002210820896,0.06799513518,0
-0.04129127062,3,0.1496399203,-0.1278125,-0.1681943071,-0.04533950617,-0.003143656716,-0.01490280601,0
0.1810599746,3,-0.0943632807,-0.1278125,-0.1681943071,-0.04533950617,-0.003143656716,-0.005862436076,0
-0.08702018352,3,-0.1801571858,0.1221875,-0.1681943071,-0.03299382716,-0.004076492537,-0.004568933561,0
0.1627260591,2,0.04005896387,-0.1278125,-0.1681943071,-0.04533950617,-0.003143656716,0.03078718571,1
-0.005766471669,3,-0.2066888207,-0.1278125,-0.1681943071,-0.04533950617,-0.003143656716,-0.02371616521,0
0.05577661888,3,-0.009907641978,-0.1278125,-0.1681943071,-0.04533950617,-0.003143656716,0.03531585635,1
-0.05798245022,4,0.06236703094,0.1221875,0.4068436936,0.004043209877,0.004319029851,-0.1319641086,1
0.1864598996,2,-0.02993037176,0.1221875,-0.1681943071,-0.04533950617,-0.003143656716,-0.02802551287,0
-0.1201362822,2,0.05036953876,-0.1278125,0.4993450858,0.06577160494,0.02204291045,-0.09553522362,1
0.01774973151,2,-0.005520290641,-0.1278125,0.277414534,-0.03299382716,-0.002210820896,0.2581372148,0
0.1801270173,3,0.001664900699,0.1221875,-0.1681943071,-0.04533950617,-0.003143656716,-0.007202582258,0
0.2115391886,3,-0.09191297357,0.1221875,0.4068436936,0.004043209877,0.004319029851,-0.489605062,0
0.1257164409,3,0.1589527394,-0.1278125,-0.1681943071,-0.04533950617,-0.003143656716,-0.02682839039,0
0.1282115409,2,-0.03188532776,-0.1278125,-0.1681943071,-0.04533950617,-0.003143656716,0.0008025889613,0
-0.02372014488,3,-0.04375490853,-0.1278125,-0.1681943071,0.004043209877,-0.01060634328,0.002564688433,0
0.10001177,2,0.03910688431,-0.1278125,0.4068436936,0.004043209877,0.004319029851,-0.125265026,0
-0.2464081942,3,-0.1227843404,-0.1278125,-0.1681943071,-0.04533950617,-0.003143656716,0.004674337971,0
-0.04103050406,2,-0.02534595879,0.1221875,-0.1681943071,0.06577160494,-0.02833022388,-0.006449264835,0
0.04041543288,3,0.2824034619,-0.1278125,-0.1681943071,-0.04533950617,-0.003143656716,0.0278298016,1
-0.1586018147,3,0.1059604495,-0.1278125,0.277414534,-0.03299382716,-0.002210820896,-0.07481567693,1
0.1184188256,2,0.01321979235,-0.1278125,-0.1681943071,-0.03299382716,-0.004076492537,-0.01350185721,0
0.1297729327,2,0.060325413,-0.1278125,0.4068436936,0.004043209877,0.004319029851,-0.05774729067,1
-0.03705678843,2,0.04754000053,-0.1278125,-0.1681943071,-0.04533950617,-0.003143656716,0.05150328702,1
0.133096355,2,-0.02862898331,-0.1278125,-0.1681943071,-0.04533950617,-0.003143656716,0.01445585461,0
0.009111313398,2,0.07333379169,-0.1278125,-0.1681943071,0.004043209877,-0.01060634328,0.02803188528,1
-0.03054724782,2,-0.0009394137828,-0.1278125,-0.1681943071,-0.03299382716,-0.004076492537,-0.009776461163,0
-0.02555208336,2,0.01665560138,0.1221875,-0.1681943071,-0.04533950617,-0.003143656716,0.02233863701,1
-0.03607103758,3,-0.3887532445,-0.1278125,0.4068436936,0.004043209877,0.004319029851,0.238882353,1
-0.2437754563,2,0.0514089492,-0.1278125,0.4068436936,0.004043209877,0.004319029851,0.05935933523,1
0.07358107792,3,-0.2076730667,0.3721875,0.4068436936,0.004043209877,0.004319029851,-0.0679640742,1
0.1908307686,2,-0.0266187009,0.1221875,0.277414534,-0.03299382716,-0.002210820896,0.04450720014,0
-0.1195949942,3,-0.1366729586,0.1221875,-0.1681943071,0.004043209877,-0.01060634328,0.01885587602,1
0.09971120591,3,-0.1311058311,-0.1278125,-0.1681943071,0.2633024691,-0.1197481343,-0.006266341754,0
0.01303789038,2,0.04781154822,-0.1278125,0.7434973773,0.5595987654,0.3168190299,-0.1324968747,1
-0.535495218,3,0.05461497978,-0.1278125,-0.1681943071,-0.04533950617,-0.003143656716,-0.004558481122,0
-0.002059347176,3,0.00240644539,-0.1278125,0.277414534,-0.03299382716,-0.002210820896,0.01590247301,0
0.1889296273,3,-0.1786603677,-0.1278125,-0.1681943071,-0.04533950617,-0.003143656716,-0.01112228016,0
0.04872945167,3,0.2124874188,-0.1278125,0.277414534,-0.03299382716,-0.002210820896,0.1522296429,1
-0.331840445,3,-0.0361074617,-0.1278125,-0.1681943071,-0.04533950617,-0.003143656716,-0.01672219113,0
-0.3638722293,2,0.009300655048,-0.1278125,-0.1681943071,-0.04533950617,-0.003143656716,0.007359750391,0
0.04020415121,2,0.005356460084,0.1221875,0.7434973773,0.5595987654,0.3168190299,0.04078623727,0
-0.008353302281,3,0.06227455746,0.1221875,-0.1681943071,-0.03299382716,-0.004076492537,0.006449888716,0
0.02070712045,2,-0.004034111374,0.1221875,-0.1681943071,-0.04533950617,-0.003143656716,-0.02644564789,0
-0.07052676056,3,-0.07286777445,0.1221875,-0.1681943071,-0.04533950617,-0.003143656716,-0.004265776638,0
-0.05483114216,2,0.0006330649388,0.1221875,-0.1681943071,-0.04533950617,-0.003143656716,-0.01309142966,0
-0.1039633965,3,0.02689399355,-0.1278125,0.277414534,-0.03299382716,-0.002210820896,-0.00902436382,0
0.08260501349,2,-0.03822786305,0.3721875,-0.1681943071,0.2633024691,-0.1197481343,-0.01210594749,0
-0.1406969024,2,-0.01438673326,-0.1278125,-0.1681943071,0.004043209877,-0.01060634328,-0.01346318914,0
-0.1834309494,2,0.05227228661,-0.1278125,-0.1681943071,-0.04533950617,-0.003143656716,0.0297593439,1
0.01674621967,3,0.179676865,-0.1278125,0.6373519674,0.2633024691,0.1134608209,0.1656986629,0
0.09757175658,3,-0.06460032147,-0.1278125,-0.1681943071,-0.04533950617,-0.003143656716,0.04810317645,1
0.08144345886,3,0.1367247617,-0.1278125,-0.1681943071,-0.04533950617,-0.003143656716,-0.02583749924,0
0.06579731088,3,-0.0820516048,-0.1278125,-0.1681943071,-0.04533950617,-0.003143656716,-0.007017321149,0
0.008587434694,3,-0.3183124734,-0.1278125,0.277414534,-0.03299382716,-0.002210820896,0.06888778716,0
-0.2174574636,3,0.2179100788,-0.1278125,-0.1681943071,-0.03299382716,-0.004076492537,-0.01071892173,0
0.1006468752,3,-0.1861181961,-0.1278125,0.6373519674,0.2633024691,0.1134608209,0.0134923427,1
0.07276195416,3,0.1085134864,-0.1278125,-0.1681943071,0.004043209877,-0.01060634328,0.03262620962,1
-0.03294085851,3,0.03766363154,0.1221875,-0.1681943071,0.004043209877,-0.01060634328,0.02372562799,1
-0.2518824386,3,0.162286511,0.6221875,-0.1681943071,0.06577160494,-0.02833022388,0.001061932932,0
0.01835201573,3,0.1465265745,-0.1278125,-0.1681943071,0.3991049383,-0.204636194,-0.003701430048,0
0.1783261455,3,0.07579222635,0.1221875,0.277414534,-0.03299382716,-0.002210820896,0.1728842483,1
0.2693641247,3,0.1986674288,-0.1278125,0.4068436936,0.004043209877,0.004319029851,0.2725744109,1
-0.075528049,3,-0.01780136912,0.1221875,-0.1681943071,-0.03299382716,-0.004076492537,0.03843376098,1
-0.2269229518,3,0.1099836143,-0.1278125,-0.1681943071,-0.04533950617,-0.003143656716,-0.005925434041,0
0.07541221663,2,-0.04074966399,0.1221875,-0.1681943071,0.152191358,-0.06284514925,-0.02700280115,0
-0.2208185957,2,-0.02438881885,-0.1278125,-0.1681943071,0.004043209877,-0.01060634328,0.003944730427,0
-0.01765441727,3,-0.05421450949,0.1221875,-0.1681943071,-0.03299382716,-0.004076492537,-0.000779589278,0
-0.5990373876,3,0.0537546368,0.1221875,0.277414534,-0.03299382716,-0.002210820896,0.1406503498,0
0.08746991572,3,-0.09300983364,-0.1278125,-0.1681943071,-0.04533950617,-0.003143656716,-0.03529495392,0
0.08083400444,3,0.2023211146,-0.1278125,0.277414534,-0.03299382716,-0.002210820896,0.1065948027,1
-0.08671693751,2,0.01271378313,-0.1278125,-0.1681943071,-0.03299382716,-0.004076492537,-0.005684845767,0
0.15163417,3,-0.1708100307,0.1221875,-0.1681943071,-0.04533950617,-0.003143656716,0.01371513903,1
0.02453035541,3,-0.3108208301,-0.1278125,0.4993450858,0.06577160494,0.02204291045,0.07137479407,0
-0.6245205406,3,0.1272844684,0.1221875,-0.1681943071,-0.04533950617,-0.003143656716,-0.01143958402,0
0.1181567641,3,0.1824183113,-0.1278125,-0.1681943071,-0.04533950617,-0.003143656716,-0.03210047043,0
-0.3223940347,3,-0.1103214977,0.1221875,-0.1681943071,-0.04533950617,-0.003143656716,0.008232972499,0
0.03960554428,2,0.05762929749,-0.1278125,-0.1681943071,-0.04533950617,-0.003143656716,0.03413696626,1
-0.2592201411,2,-0.01248463428,-0.1278125,-0.1681943071,-0.04533950617,-0.003143656716,-0.02598370271,0
0.1154964492,2,0.04775279578,0.1221875,-0.1681943071,-0.04533950617,-0.003143656716,0.04097731163,1
-0.07054423963,3,-0.03101920428,-0.1278125,0.277414534,-0.03299382716,-0.002210820896,0.02237107385,1
0.07248690802,3,-0.1266774868,0.1221875,-0.1681943071,-0.04533950617,-0.003143656716,-7.32E-05,0
0.1546024956,3,0.1096699774,-0.1278125,0.4068436936,0.004043209877,0.004319029851,-0.193247982,1
0.08805754978,3,-0.03175437792,0.1221875,-0.1681943071,-0.03299382716,-0.004076492537,-0.03440219254,0
0.04558293189,2,0.003030270735,-0.1278125,0.4068436936,0.004043209877,0.004319029851,-0.2418097476,0
0.1150048958,3,0.1520078152,-0.1278125,-0.1681943071,-0.04533950617,-0.003143656716,-0.0353267393,0
0.2165429445,2,0.03554204122,-0.1278125,0.4068436936,0.004043209877,0.004319029851,0.1599942848,1
-0.0715109407,1,-0.05675199211,-0.1278125,-0.1681943071,-0.03299382716,-0.004076492537,0.0427149805,1
0.124906279,3,0.1765096893,-0.1278125,-0.1681943071,-0.04533950617,-0.003143656716,0.02586413923,1
-0.2578907626,2,-0.03174987788,-0.1278125,-0.1681943071,-0.03299382716,-0.004076492537,0.01697906891,0
-0.001355661985,2,0.03811390643,0.1221875,0.4993450858,0.06577160494,0.02204291045,-0.04150070292,1
0.2244427661,2,-0.01807255754,0.3721875,-0.1681943071,-0.04533950617,-0.003143656716,0.003327487299,0
-0.03719946381,3,-0.06731376293,0.1221875,-0.1681943071,0.06577160494,-0.02833022388,0.01279524257,0
-0.1085420073,2,-0.0306955165,-0.1278125,-0.1681943071,-0.04533950617,-0.003143656716,-0.01080158341,0
0.1141558453,2,-0.004328702768,0.1221875,0.277414534,-0.03299382716,-0.002210820896,-0.09772717762,0
0.006653724645,3,-0.2366620716,-0.1278125,0.7894010652,0.7447839506,0.4744682836,0.08799983567,1
0.04860786755,3,0.1905279129,0.8721875,-0.1681943071,-0.04533950617,-0.003143656716,0.02510783641,0
0.100032393,2,-0.01489222911,-0.1278125,0.4068436936,0.004043209877,0.004319029851,-0.01463700128,0
-0.03701252611,2,0.0111487635,-0.1278125,-0.1681943071,-0.04533950617,-0.003143656716,0.01363961878,0
-0.02752219572,4,0.1749516319,-0.1278125,-0.1681943071,0.2633024691,-0.1197481343,-0.01581535624,0
-0.154937993,3,0.2743603441,-0.1278125,-0.1681943071,-0.04533950617,-0.003143656716,0.01022454936,0
-0.0346334182,2,0.01885235536,-0.1278125,-0.1681943071,-0.04533950617,-0.003143656716,0.02379101951,1
0.2218363782,2,-0.01689104888,-0.1278125,-0.1681943071,-0.04533950617,-0.003143656716,0.01007658046,0
-0.05250544494,3,0.1345174028,-0.1278125,0.5738661543,0.152191358,0.05655783582,0.1686372292,1
0.06519569029,3,0.0701814016,0.1221875,-0.1681943071,-0.04533950617,-0.003143656716,-0.02705819882,0
-0.01006198501,3,-0.3891243311,-0.1278125,-0.1681943071,-0.04533950617,-0.003143656716,-0.01469148185,0
-0.2992435122,2,0.003692601686,-0.1278125,-0.1681943071,0.06577160494,-0.02833022388,-0.009638127241,0
-0.05138065419,2,0.05566301645,0.1221875,-0.1681943071,-0.04533950617,-0.003143656716,0.04459241857,1
0.09762302627,2,0.03750033145,-0.1278125,-0.1681943071,-0.03299382716,-0.004076492537,0.04035323582,1
0.05658374375,4,-0.02565563775,-0.1278125,-0.1681943071,-0.03299382716,-0.004076492537,-0.006048282614,0
-0.02791228853,3,-0.09586678792,0.1221875,0.5738661543,0.152191358,0.05655783582,0.138353035,0
0.03667735653,2,0.02883524356,-0.1278125,-0.1681943071,-0.04533950617,-0.003143656716,0.02654231676,1
0.02565254768,3,-0.01978709465,0.1221875,0.7894010652,0.7447839506,0.4744682836,-0.1057318348,1
0.213407629,3,-0.1396446578,-0.1278125,0.4068436936,0.004043209877,0.004319029851,0.1383633513,0
0.02588473006,3,-0.2350926914,-0.1278125,-0.1681943071,-0.04533950617,-0.003143656716,0.006201199173,0
-0.02027351221,2,0.0107569042,-0.1278125,0.4068436936,0.004043209877,0.004319029851,0.00550085764,1
-0.156740658,3,0.1630379985,-0.1278125,-0.1681943071,-0.04533950617,-0.003143656716,0.004402730946,0
-0.2460464878,3,-0.1957219663,-0.1278125,-0.1681943071,-0.03299382716,-0.004076492537,-0.009849562927,0
0.08427341252,3,0.03415402644,-0.1278125,0.277414534,-0.03299382716,-0.002210820896,0.1660839341,1
0.02880468656,1,-0.2931351817,0.1221875,0.4068436936,0.004043209877,0.004319029851,-0.1579046047,0
-0.2653538226,2,-0.0505382104,-0.1278125,-0.1681943071,-0.03299382716,-0.004076492537,-0.00701078443,0
0.001931890628,3,0.1376801785,0.1221875,0.4068436936,0.004043209877,0.004319029851,0.08281464797,0
-0.05117538678,3,0.09341200797,-0.1278125,-0.1681943071,-0.04533950617,-0.003143656716,0.05985045737,1
0.09344455568,3,-0.1696781084,0.1221875,-0.1681943071,-0.04533950617,-0.003143656716,0.04591849429,1
-0.07645346822,3,-0.03807190412,-0.1278125,-0.1681943071,-0.04533950617,-0.003143656716,-0.03135271449,0
0.1819666423,3,0.01259903374,0.6221875,0.277414534,-0.03299382716,-0.002210820896,-0.04590881133,0
-0.1018571586,2,0.04830058721,-0.1278125,0.4068436936,0.004043209877,0.004319029851,-0.01356994275,1
-0.07114658462,2,0.005642329566,0.1221875,-0.1681943071,-0.04533950617,-0.003143656716,0.01813636602,0
-0.005476961285,2,0.01436680862,0.3721875,-0.1681943071,-0.03299382716,-0.004076492537,-0.01511903624,0
0.007184120765,3,0.1289644615,0.1221875,-0.1681943071,-0.04533950617,-0.003143656716,-0.02323745995,0
0.07302430521,2,0.04643658648,0.3721875,0.277414534,-0.03299382716,-0.002210820896,0.1189774498,1
-0.004511426314,3,0.03268236652,0.1221875,-0.1681943071,-0.04533950617,-0.003143656716,0.02804384931,1
-0.04294798771,3,0.3088372957,0.3721875,-0.1681943071,-0.03299382716,-0.004076492537,0.04045330839,1
0.1088392626,3,-0.01574350439,-0.1278125,-0.1681943071,-0.04533950617,-0.003143656716,-0.01445348658,0
0.1153525097,3,0.3350755149,-0.1278125,-0.1681943071,0.004043209877,-0.01060634328,-0.00272524011,0
-0.07489640902,2,0.01394107668,0.1221875,-0.1681943071,-0.03299382716,-0.004076492537,-0.01611542101,0
-0.1697712402,2,-0.004609560115,-0.1278125,-0.1681943071,-0.04533950617,-0.003143656716,-0.01173100567,0
0.1151105871,2,0.02695335399,-0.1278125,-0.1681943071,-0.04533950617,-0.003143656716,0.0434922956,1
-0.0297931117,3,-0.1315643926,-0.1278125,-0.1681943071,-0.03299382716,-0.004076492537,0.0419975968,1
0.08381164729,2,0.04180581177,-0.1278125,0.277414534,-0.03299382716,-0.002210820896,0.05016796939,1
-0.01372977844,3,0.2252003243,0.3721875,-0.1681943071,-0.04533950617,-0.003143656716,0.02152009685,1
-0.08135976834,2,0.03601844976,-0.1278125,0.277414534,-0.03299382716,-0.002210820896,0.1414796096,1
0.03513216571,3,0.08786717399,-0.1278125,-0.1681943071,-0.04533950617,-0.003143656716,-0.009647767112,0
0.1489580611,3,-0.1191834813,0.8721875,-0.1681943071,-0.04533950617,-0.003143656716,0.03663028263,1
-0.002190828993,2,0.0008708832396,-0.1278125,-0.1681943071,-0.04533950617,-0.003143656716,-0.01634776745,0
0.1260189891,2,-0.009610809351,-0.1278125,-0.1681943071,-0.04533950617,-0.003143656716,-0.004556164366,0
-0.07577614649,3,-0.184318027,-0.1278125,-0.1681943071,-0.03299382716,-0.004076492537,0.02218187898,1
-0.05681912256,2,0.009192725662,0.1221875,-0.1681943071,-0.03299382716,-0.004076492537,-0.006432430744,0
0.1961360587,2,0.06187964906,-0.1278125,-0.1681943071,-0.04533950617,-0.003143656716,0.04295943824,1
-0.03487459692,2,-0.03376339955,0.1221875,-0.1681943071,-0.04533950617,-0.003143656716,-0.007939130783,0
-0.1162884451,3,0.179338516,0.6221875,-0.1681943071,0.004043209877,-0.01060634328,-0.007819893323,0
0.09380789795,3,-0.1908694652,-0.1278125,-0.1681943071,-0.04533950617,-0.003143656716,-0.01575302548,0
0.2079765671,2,0.02419836047,-0.1278125,-0.1681943071,-0.03299382716,-0.004076492537,0.008406563056,1
0.159589514,2,0.04876999035,-0.1278125,0.277414534,-0.03299382716,-0.002210820896,-0.1641575418,1
0.1024274538,3,-0.05154176778,-0.1278125,0.277414534,-0.03299382716,-0.002210820896,-0.2558655648,0
-0.184480689,3,0.1874077805,0.3721875,-0.1681943071,-0.03299382716,-0.004076492537,0.0004812152427,0
-0.1593222938,3,-0.07678552823,0.1221875,-0.1681943071,-0.03299382716,-0.004076492537,-0.004576418601,0
0.01514579848,3,-0.001436767124,0.1221875,-0.1681943071,-0.04533950617,-0.003143656716,0.01632730066,0
-0.0009102722382,2,-0.01600602143,-0.1278125,0.277414534,-0.03299382716,-0.002210820896,-0.0465676237,0
0.2109352278,2,-0.03543852968,-0.1278125,-0.1681943071,-0.04533950617,-0.003143656716,-0.002942656862,0
0.03009149968,3,-0.06898953666,0.3721875,-0.1681943071,-0.03299382716,-0.004076492537,-0.006445193161,0
-0.01948971322,3,0.006005015621,-0.1278125,-0.1681943071,-0.03299382716,-0.004076492537,-0.007775343592,0
0.09398686812,3,0.08736381494,0.3721875,0.4993450858,0.06577160494,0.02204291045,-0.05295584476,0
-0.0008011135875,3,0.2046122039,-0.1278125,0.4993450858,0.06577160494,0.02204291045,0.08309794059,0
0.1679450335,2,-0.005096428714,0.1221875,-0.1681943071,0.004043209877,-0.01060634328,-0.01904368817,0
-0.1283384983,2,-0.01996594542,-0.1278125,0.277414534,-0.03299382716,-0.002210820896,-0.2355980042,0
-0.06685237426,3,-0.1058207899,-0.1278125,0.4068436936,0.004043209877,0.004319029851,-0.01130513328,0
0.1162892283,3,-0.1290005588,-0.1278125,-0.1681943071,-0.04533950617,-0.003143656716,-0.01578485878,0
-0.07703184909,3,0.4001113643,0.1221875,-0.1681943071,-0.04533950617,-0.003143656716,0.006590002487,0
-0.1889474782,3,0.04015191223,-0.1278125,-0.1681943071,-0.04533950617,-0.003143656716,-0.02807703339,0
-0.2050799625,2,-0.0219951558,-0.1278125,0.4068436936,0.004043209877,0.004319029851,0.06657251866,0
-0.06870814436,2,0.01793031844,-0.1278125,-0.1681943071,0.004043209877,-0.01060634328,0.0006252545518,0
0.09501041182,3,-0.4192870172,-0.1278125,0.4068436936,0.004043209877,0.004319029851,0.1923035162,1
-0.128668666,1,-0.1483151266,-0.1278125,-0.1681943071,-0.03299382716,-0.004076492537,0.03539389957,1
-0.01883671344,3,-0.1187641327,-0.1278125,-0.1681943071,-0.04533950617,-0.003143656716,-0.01457439593,0
0.09657018425,2,0.0549210703,-0.1278125,0.4993450858,0.06577160494,0.02204291045,0.4127393476,1
-0.1500260035,3,0.5438628031,-0.1278125,-0.1681943071,-0.04533950617,-0.003143656716,0.03944612235,1
0.04794914736,3,0.2706688729,-0.1278125,-0.1681943071,-0.03299382716,-0.004076492537,0.0396159746,1
0.2918216986,3,-0.09629063699,-0.1278125,-0.1681943071,0.3991049383,-0.204636194,0.004099079113,0
0.07519523109,3,0.0365898449,-0.1278125,-0.1681943071,-0.04533950617,-0.003143656716,0.03751960062,1
-0.09674473172,2,-0.008388985919,0.1221875,-0.1681943071,0.004043209877,-0.01060634328,-0.02594696782,0
0.04574559123,3,0.3313952124,0.1221875,0.5738661543,0.152191358,0.05655783582,-0.029647297,0
0.09173119131,3,-0.06881293533,-0.1278125,-0.1681943071,0.004043209877,-0.01060634328,0.01453561129,0
0.05562311135,1,0.4794085563,-0.1278125,-0.1681943071,0.004043209877,-0.01060634328,0.05568404093,1
-0.09895540173,3,-0.1087535368,-0.1278125,0.277414534,-0.03299382716,-0.002210820896,-0.1665893302,1
-0.15361635,3,-0.1417479175,-0.1278125,-0.1681943071,-0.04533950617,-0.003143656716,0.03634172809,1
0.05380728942,3,0.03832910573,-0.1278125,-0.1681943071,-0.04533950617,-0.003143656716,0.007268848605,0
0.0629101638,3,-0.0936946816,-0.1278125,-0.1681943071,-0.04533950617,-0.003143656716,0.0007599464487,0
0.05790289577,2,0.01044180695,0.1221875,-0.1681943071,0.004043209877,-0.01060634328,-0.01700593059,0
0.02907931406,1,0.2974627913,-0.1278125,-0.1681943071,-0.03299382716,-0.004076492537,-0.005937821985,0
-0.003471183957,2,-0.01882127335,-0.1278125,-0.1681943071,-0.04533950617,-0.003143656716,0.005189291603,0
-0.04657702484,3,0.3433057713,-0.1278125,-0.1681943071,-0.04533950617,-0.003143656716,-0.01634724092,0
-0.139035416,3,0.01393166104,-0.1278125,0.277414534,-0.03299382716,-0.002210820896,0.06747956706,0
0.2559087331,3,-0.3204275739,0.1221875,0.277414534,-0.03299382716,-0.002210820896,-0.1960678452,0
-0.377797677,3,0.06967656644,-0.1278125,-0.1681943071,-0.04533950617,-0.003143656716,0.01778139878,1
0.1945833623,3,-0.11327644,0.3721875,0.4068436936,0.004043209877,0.004319029851,0.1947389174,1
-0.01846475804,3,0.03247637275,0.1221875,-0.1681943071,0.06577160494,-0.02833022388,-0.002357657541,0
-0.3743130314,2,0.03376129193,-0.1278125,-0.1681943071,-0.04533950617,-0.003143656716,0.04240412409,1
-0.07311286478,3,0.07296527003,-0.1278125,-0.1681943071,0.004043209877,-0.01060634328,-0.01634227762,0
0.1238250001,3,0.1137497792,-0.1278125,-0.1681943071,0.152191358,-0.06284514925,-0.0308538495,0
0.006628490741,3,0.01613800267,0.1221875,-0.1681943071,-0.03299382716,-0.004076492537,-0.002866280821,0
0.02718572624,2,-0.01615184943,-0.1278125,0.7434973773,0.5595987654,0.3168190299,-0.002052695914,0
-0.04093141646,3,-0.1290430238,-0.1278125,0.277414534,-0.03299382716,-0.002210820896,-0.05589561449,0
-0.1979698233,3,-0.2091493907,-0.1278125,-0.1681943071,-0.04533950617,-0.003143656716,-0.01422919159,0
0.06668144863,3,-0.06196516871,-0.1278125,0.4068436936,0.004043209877,0.004319029851,-0.1668886865,1
-0.1354445909,3,0.1663894646,-0.1278125,0.277414534,-0.03299382716,-0.002210820896,0.2063258786,0
0.01893825774,2,-0.004447382645,0.3721875,-0.1681943071,0.004043209877,-0.01060634328,-0.006434900534,0
0.01026339458,3,-0.02114436227,-0.1278125,-0.1681943071,-0.04533950617,-0.003143656716,-0.02306021839,0
-0.06571975702,3,-0.08188518535,0.1221875,-0.1681943071,-0.04533950617,-0.003143656716,-0.01543927584,0
0.01309334889,2,0.02458787268,-0.1278125,-0.1681943071,0.152191358,-0.06284514925,0.03529931843,1
0.04446083444,1,-0.1236137115,-0.1278125,-0.1681943071,0.004043209877,-0.01060634328,-0.01665990051,0
0.1474807836,3,-0.120688901,-0.1278125,-0.1681943071,-0.04533950617,-0.003143656716,-0.02468812704,0
0.06463592177,3,0.05423499788,0.1221875,-0.1681943071,-0.04533950617,-0.003143656716,-0.02076604369,0
0.1336349353,2,-0.004739976549,-0.1278125,0.277414534,-0.03299382716,-0.002210820896,-0.1814270249,0
0.1799726248,2,0.04483711357,0.1221875,0.4068436936,0.004043209877,0.004319029851,-0.02252321297,1
-0.1172501504,3,0.002906463964,0.6221875,-0.1681943071,-0.04533950617,-0.003143656716,-0.008892785277,0
-0.02519397824,2,-0.0280414556,-0.1278125,-0.1681943071,-0.04533950617,-0.003143656716,-0.01109407217,0
0.06518270356,2,0.05996946935,0.1221875,-0.1681943071,-0.03299382716,-0.004076492537,0.02300094275,1
0.2303392113,3,0.1600030605,-0.1278125,0.277414534,-0.03299382716,-0.002210820896,0.06426999076,1
-0.1968626515,2,-0.03425141607,-0.1278125,-0.1681943071,-0.04533950617,-0.003143656716,-0.02664640733,0
-0.02528953295,3,-0.07493171529,0.1221875,-0.1681943071,-0.04533950617,-0.003143656716,-0.03250438056,0
-0.118791908,3,-0.2196522695,-0.1278125,-0.1681943071,-0.04533950617,-0.003143656716,-0.01547165034,0
-0.1067142491,3,-0.259864079,-0.1278125,0.277414534,-0.03299382716,-0.002210820896,-0.1291516909,1
-0.1100918991,3,3.86E-06,0.1221875,0.4068436936,0.004043209877,0.004319029851,0.1007203024,1
-0.2915711009,3,-0.04178150886,0.1221875,-0.1681943071,0.004043209877,-0.01060634328,-0.01745759721,0
0.1168433971,3,-0.111950741,-0.1278125,-0.1681943071,-0.04533950617,-0.003143656716,0.005631547792,1
0.001766366898,2,0.05937037403,0.1221875,-0.1681943071,-0.04533950617,-0.003143656716,0.03849903335,1
-0.1221591764,3,-0.3532669087,-0.1278125,-0.1681943071,-0.04533950617,-0.003143656716,-0.01215814,0
-0.2818427084,2,-0.003855715918,-0.1278125,0.4068436936,0.004043209877,0.004319029851,0.2456947492,0
0.09105752172,3,-0.2215438,-0.1278125,-0.1681943071,0.004043209877,-0.01060634328,-0.01957322625,0
0.01963641079,3,0.4687889561,-0.1278125,-0.1681943071,-0.04533950617,-0.003143656716,0.005175803629,0
-0.07734571634,3,-0.08818948715,-0.1278125,-0.1681943071,-0.04533950617,-0.003143656716,0.01669617499,0
-0.03723210728,3,-0.08214496718,-0.1278125,-0.1681943071,-0.04533950617,-0.003143656716,0.04151289392,1
-0.03893225228,3,0.08598364998,0.3721875,-0.1681943071,-0.04533950617,-0.003143656716,0.01040418491,0
0.1419678492,2,-0.00450351437,0.1221875,-0.1681943071,-0.04533950617,-0.003143656716,-0.003188464766,0
0.07380900821,3,-0.218471534,-0.1278125,-0.1681943071,-0.03299382716,-0.004076492537,-0.006313492343,0
0.03697743504,3,-0.1392969766,-0.1278125,-0.1681943071,-0.04533950617,-0.003143656716,0.001581335079,0
0.2371371233,3,-0.01730928849,-0.1278125,-0.1681943071,0.06577160494,-0.02833022388,-0.01211625063,0
-0.1712056161,3,-0.1356440096,0.1221875,0.277414534,-0.03299382716,-0.002210820896,0.08071813791,1
0.1059651759,3,-0.1615231336,0.1221875,-0.1681943071,-0.03299382716,-0.004076492537,0.02702971277,1
0.06742739077,2,0.05849792715,-0.1278125,-0.1681943071,-0.04533950617,-0.003143656716,0.03460072606,1
-0.006660939265,2,0.01051008156,0.1221875,-0.1681943071,0.152191358,-0.06284514925,-0.005761505644,0
-0.04172505686,2,-0.001035835174,-0.1278125,0.277414534,-0.03299382716,-0.002210820896,0.1225012677,0
0.164268448,3,0.1172274847,-0.1278125,0.277414534,-0.03299382716,-0.002210820896,-0.1619874017,1
-0.1730118073,3,0.1065437963,-0.1278125,-0.1681943071,-0.04533950617,-0.003143656716,-0.02583864136,0
-0.3104116722,2,-0.01514844449,-0.1278125,0.277414534,-0.03299382716,-0.002210820896,-0.0760966344,0
0.05820107164,3,-0.09615935473,0.6221875,0.277414534,-0.03299382716,-0.002210820896,0.03843079144,1
0.02300981847,3,0.1360528724,-0.1278125,0.4068436936,0.004043209877,0.004319029851,-0.2366407577,1
0.05319615266,3,0.1419162082,0.1221875,-0.1681943071,-0.04533950617,-0.003143656716,0.003392190755,0
-0.02557377089,3,-0.09399808012,-0.1278125,0.6373519674,0.2633024691,0.1134608209,-0.1741999489,1
0.2380645486,3,-0.09942777589,-0.1278125,0.4993450858,0.06577160494,0.02204291045,-0.05033988231,1
0.107825358,3,-0.07648725345,-0.1278125,0.277414534,-0.03299382716,-0.002210820896,0.07161235238,1
0.02221760132,2,-0.009839831712,-0.1278125,-0.1681943071,0.004043209877,-0.01060634328,0.002871460033,0
0.1651011859,2,0.001183090589,0.1221875,0.277414534,-0.03299382716,-0.002210820896,-0.2284848265,0
-0.05767069062,3,0.01704421516,-0.1278125,0.277414534,-0.03299382716,-0.002210820896,0.1125522925,0
0.06767223202,3,-0.08262729638,0.1221875,-0.1681943071,-0.04533950617,-0.003143656716,0.01256409415,1
-0.1995482805,3,0.08002367948,-0.1278125,0.4068436936,0.004043209877,0.004319029851,-0.02795826238,0
-0.09289181631,1,0.02291182257,0.6221875,-0.1681943071,0.06577160494,-0.02833022388,0.01075175092,0
0.05477651487,2,0.03993790869,-0.1278125,-0.1681943071,0.152191358,-0.06284514925,0.03023321097,1
0.08110961791,2,0.00542787121,0.1221875,-0.1681943071,-0.04533950617,-0.003143656716,-0.02319223513,0
-0.0231657167,3,-0.1088088246,-0.1278125,-0.1681943071,0.004043209877,-0.01060634328,-0.006778201818,0
0.1702002518,3,0.144186891,-0.1278125,-0.1681943071,-0.04533950617,-0.003143656716,-0.01437527467,0
0.04278150722,2,-0.02504784115,0.1221875,-0.1681943071,0.2633024691,-0.1197481343,-0.009243488045,0
0.1412103034,2,-0.005880530646,-0.1278125,-0.1681943071,0.152191358,-0.06284514925,-0.008986017633,0
-0.003777174144,3,-0.1936222516,-0.1278125,-0.1681943071,-0.04533950617,-0.003143656716,0.005106697106,0
0.02138740963,3,-0.2022786055,0.3721875,0.277414534,-0.03299382716,-0.002210820896,-0.1727420787,1
-0.1247756173,3,0.0196071345,-0.1278125,0.277414534,-0.03299382716,-0.002210820896,-0.1291776664,1
0.2609931434,3,0.01667275997,-0.1278125,-0.1681943071,-0.03299382716,-0.004076492537,0.005289354984,0
-0.006118850409,3,0.268663488,0.1221875,-0.1681943071,-0.03299382716,-0.004076492537,0.009592797287,0
-0.07912162854,2,-0.01542680461,0.3721875,-0.1681943071,-0.03299382716,-0.004076492537,0.01162884198,0
0.07506245901,2,0.01353769808,-0.1278125,0.277414534,-0.03299382716,-0.002210820896,-0.05383397031,0
0.2080626533,1,0.02899995024,0.1221875,-0.1681943071,0.06577160494,-0.02833022388,-0.0009816465856,0
0.1437311095,2,-0.02557656792,0.1221875,0.277414534,-0.03299382716,-0.002210820896,0.2861523404,0
-0.03321225592,3,0.192921589,0.1221875,-0.1681943071,-0.03299382716,-0.004076492537,-0.006581250338,0
0.1118477768,3,-0.1344183975,0.1221875,-0.1681943071,-0.04533950617,-0.003143656716,-0.01983351407,0
-0.1919895838,2,0.04658655923,-0.1278125,-0.1681943071,-0.03299382716,-0.004076492537,0.02579967044,1
0.007973869258,3,0.006873095689,-0.1278125,-0.1681943071,-0.04533950617,-0.003143656716,0.02246188655,1
-0.1667030046,3,0.0196801729,0.1221875,0.4068436936,0.004043209877,0.004319029851,0.2016431221,0
-0.07751552473,3,-0.04231645245,-0.1278125,-0.1681943071,-0.04533950617,-0.003143656716,-0.01745859722,0
-0.1158095312,3,0.1047350218,-0.1278125,-0.1681943071,-0.04533950617,-0.003143656716,-0.004282498546,0
-0.08458345856,3,-0.05302694848,0.6221875,-0.1681943071,0.152191358,-0.06284514925,-0.01356587152,0
-0.007854985102,2,0.003927635201,-0.1278125,-0.1681943071,-0.04533950617,-0.003143656716,-0.01893804196,0
-0.0103820658,3,-0.129964928,-0.1278125,-0.1681943071,-0.04533950617,-0.003143656716,0.03488549312,1
0.2148551763,1,0.05304083244,-0.1278125,-0.1681943071,-0.04533950617,-0.003143656716,-0.006288225317,0
-0.04973481402,2,0.04573832208,-0.1278125,-0.1681943071,-0.03299382716,-0.004076492537,0.01525087363,1
0.2303944658,3,0.06521711584,-0.1278125,-0.1681943071,-0.04533950617,-0.003143656716,-0.00525736046,0
0.1424281522,2,0.05132045242,0.1221875,0.4068436936,0.004043209877,0.004319029851,0.02007643481,1
0.2253068127,3,-0.1276780447,-0.1278125,-0.1681943071,-0.04533950617,-0.003143656716,0.0004818775467,0
-0.1399608353,3,-0.2085700027,-0.1278125,0.4068436936,0.004043209877,0.004319029851,0.2017559871,1
0.05489153597,2,-0.001645576414,-0.1278125,-0.1681943071,-0.04533950617,-0.003143656716,-0.016381447,0
-0.1350350159,3,-0.1472989993,-0.1278125,-0.1681943071,-0.04533950617,-0.003143656716,0.01167674658,0
-0.1190914578,3,0.1028862628,-0.1278125,-0.1681943071,-0.04533950617,-0.003143656716,0.01166187152,0
0.0587277534,3,-0.05184336287,0.3721875,-0.1681943071,-0.03299382716,-0.004076492537,-0.01904348653,0
0.004925193094,3,0.02066402559,0.1221875,-0.1681943071,-0.03299382716,-0.004076492537,-0.02227753035,0
-0.1107613129,3,-0.0514691128,-0.1278125,-0.1681943071,-0.04533950617,-0.003143656716,0.02292550632,0
0.2098922232,2,-0.004747560464,-0.1278125,-0.1681943071,-0.04533950617,-0.003143656716,-0.01163980151,0
-0.03019640469,3,-0.1633484424,0.1221875,-0.1681943071,-0.04533950617,-0.003143656716,-0.01471273594,0
0.08419553498,3,0.1852131043,-0.1278125,-0.1681943071,-0.04533950617,-0.003143656716,0.04919647637,1
-0.029169125,2,0.05113605309,-0.1278125,-0.1681943071,-0.03299382716,-0.004076492537,0.04816862466,1
-0.02604770584,3,-0.03556309935,-0.1278125,-0.1681943071,0.06577160494,-0.02833022388,-0.008262514158,1
0.09320169374,3,-0.2822728034,0.1221875,-0.1681943071,-0.04533950617,-0.003143656716,0.05830761603,1
-0.1023897675,2,0.05324613453,-0.1278125,-0.1681943071,-0.04533950617,-0.003143656716,0.01095099764,1
0.2872613537,2,0.02090290688,-0.1278125,-0.1681943071,-0.04533950617,-0.003143656716,-0.003395562987,0
0.02249234822,2,0.01459921011,0.3721875,0.5738661543,0.152191358,0.05655783582,0.04452854417,0
-0.05633901316,2,0.007152654744,0.1221875,-0.1681943071,-0.03299382716,-0.004076492537,-0.00897940181,0
0.02392764576,3,-0.1372067831,-0.1278125,-0.1681943071,-0.03299382716,-0.004076492537,-0.01750415676,0
0.1282832108,3,-0.02842669275,-0.1278125,-0.1681943071,-0.03299382716,-0.004076492537,0.02060493202,1
0.1194529739,2,0.04157924631,-0.1278125,0.5738661543,0.152191358,0.05655783582,0.3495367686,1
-0.0224368139,2,0.003579470357,-0.1278125,-0.1681943071,0.004043209877,-0.01060634328,0.01881360924,0
0.04398060234,2,0.02073501779,-0.1278125,-0.1681943071,-0.04533950617,-0.003143656716,0.0001718756584,0
0.08316570802,3,-0.1741307482,-0.1278125,-0.1681943071,-0.04533950617,-0.003143656716,-0.01965843188,0
0.006050757888,2,-0.01236388957,0.1221875,-0.1681943071,-0.04533950617,-0.003143656716,-0.007573842448,0
-0.08246427583,3,-0.0548840883,-0.1278125,0.4068436936,0.004043209877,0.004319029851,-0.08051771938,1
0.1286772601,2,-0.02215298432,-0.1278125,-0.1681943071,-0.03299382716,-0.004076492537,-0.01562645536,0
-0.02013420088,2,0.00927926114,0.6221875,-0.1681943071,-0.04533950617,-0.003143656716,0.01832813579,0
-0.2522254226,3,-0.003408347928,0.3721875,-0.1681943071,-0.04533950617,-0.003143656716,-0.0009447222761,0
-0.03768366824,3,-0.04419691568,0.3721875,-0.1681943071,-0.04533950617,-0.003143656716,0.000299767245,0
0.1309680687,3,0.1515942374,0.1221875,-0.1681943071,-0.04533950617,-0.003143656716,0.04410123653,1
0.2184152936,2,0.04859025303,-0.1278125,-0.1681943071,-0.03299382716,-0.004076492537,0.04579043053,1
0.06694111766,2,-0.003324917825,-0.1278125,-0.1681943071,0.5595987654,-0.3231063433,-0.006940900645,0
0.1537305717,2,0.03917780035,-0.1278125,0.277414534,-0.03299382716,-0.002210820896,-0.1119994494,1
0.07734152368,3,0.2556764691,-0.1278125,-0.1681943071,-0.04533950617,-0.003143656716,-0.01025402997,0
-0.01962102569,3,0.004801537772,-0.1278125,-0.1681943071,-0.04533950617,-0.003143656716,-0.02212660972,0
0.02803648222,3,-0.1232140688,0.1221875,0.693235006,0.3991049383,0.1983488806,0.510394938,1
0.1002182056,2,-0.005444733481,0.1221875,0.4068436936,0.004043209877,0.004319029851,0.2036023097,0
-0.08929184747,3,0.1763830835,-0.1278125,-0.1681943071,0.06577160494,-0.02833022388,-0.01262134246,0
-0.07291784807,3,-0.112377275,0.1221875,-0.1681943071,-0.04533950617,-0.003143656716,-0.01614781912,0
0.09989761061,2,0.04059633099,-0.1278125,-0.1681943071,-0.03299382716,-0.004076492537,0.02880215794,1
0.08343986558,3,-0.09073316467,0.1221875,0.4993450858,0.06577160494,0.02204291045,-0.105400978,0
-0.01422710992,3,0.1482900752,-0.1278125,0.277414534,-0.03299382716,-0.002210820896,0.0521506363,1
-0.2658447369,2,-0.02024027077,-0.1278125,-0.1681943071,-0.04533950617,-0.003143656716,-0.01393870356,0
-0.09876528577,2,-0.02723754474,0.6221875,-0.1681943071,-0.04533950617,-0.003143656716,0.007256230102,0
0.05282487945,2,-0.02543728558,-0.1278125,-0.1681943071,-0.04533950617,-0.003143656716,-0.02185614601,0
-0.3281951151,1,0.06132157018,0.3721875,-0.1681943071,-0.04533950617,-0.003143656716,0.04500649912,1
0.001460814876,3,-0.3093069591,-0.1278125,-0.1681943071,-0.04533950617,-0.003143656716,0.04684394951,1
0.00996015152,2,0.02253583482,-0.1278125,-0.1681943071,-0.04533950617,-0.003143656716,0.03113716026,1